id,firstname,secondname,primary_email,secondary_email,primary_phone,mob_phone,assign_to,photo,invoices_permission,estimates_permission,contracts_permission,proposals_permission,support_permission,projects_permission,created_at,updated_at
1,Nicholaus,Fadel,jessyca16@hahn.com,xmacejkovic@hauck.com,+1-909-993-2235,+1.203.746.6686,,,,,,,,,2024-04-29T19:49:20.000000Z,2024-04-29T19:49:20.000000Z
2,Theo,Reichert,alfreda61@yahoo.com,waino84@hauck.com,+1-469-521-3081,806-695-3341,,,,,,,,,2024-04-29T19:49:20.000000Z,2024-04-29T19:49:20.000000Z
3,Randi,Fadel,sstamm@yahoo.com,colby.rau@adams.com,+14586348524,1-734-448-2939,,,,,,,,,2024-04-29T19:49:20.000000Z,2024-04-29T19:49:20.000000Z
4,Margarete,Robel,yroberts@lemke.biz,verner.ullrich@yahoo.com,"(239) 608-3004","(830) 366-2578",,,,,,,,,2024-04-29T19:49:20.000000Z,2024-04-29T19:49:20.000000Z
5,Casper,Von,vince65@yahoo.com,gernser@gmail.com,1-847-336-1458,+1-248-701-5499,,,,,,,,,2024-04-29T19:49:20.000000Z,2024-04-29T19:49:20.000000Z
6,Edward,Hintz,okeefe.lea@hilpert.com,yhill@hotmail.com,+1-458-604-5442,1-986-638-8066,,,,,,,,,2024-04-29T19:49:20.000000Z,2024-04-29T19:49:20.000000Z
7,Zakary,Larkin,wharvey@gmail.com,adaugherty@hotmail.com,"(215) 792-9492",786-699-2421,,,,,,,,,2024-04-29T19:49:20.000000Z,2024-04-29T19:49:20.000000Z
8,Antonio,Barrows,wilma04@price.info,bernice18@reichert.biz,+1-410-662-7504,423.259.8962,,,,,,,,,2024-04-29T19:49:20.000000Z,2024-04-29T19:49:20.000000Z
9,Thea,Johnston,hoeger.lilian@yahoo.com,ulices.casper@kuphal.com,657.709.5808,"+1 (947) 354-8428",,,,,,,,,2024-04-29T19:49:20.000000Z,2024-04-29T19:49:20.000000Z
10,Sabryna,Daugherty,kaylie.eichmann@schmidt.com,noel18@collier.net,+18322692868,848.605.3495,,,,,,,,,2024-04-29T19:49:20.000000Z,2024-04-29T19:49:20.000000Z
11,April,Turcotte,ahyatt@hotmail.com,lfisher@upton.org,+1-586-419-7736,1-302-620-9671,,,,,,,,,2024-04-29T19:49:20.000000Z,2024-04-29T19:49:20.000000Z
12,Joanie,Schiller,quigley.philip@bahringer.info,justen.bins@hotmail.com,+1.430.492.4724,"+1 (717) 324-8085",,,,,,,,,2024-04-29T19:49:20.000000Z,2024-04-29T19:49:20.000000Z
13,Ana,Klocko,ceasar53@hotmail.com,enrique.luettgen@ankunding.info,1-838-775-6439,"(337) 762-1424",,,,,,,,,2024-04-29T19:49:20.000000Z,2024-04-29T19:49:20.000000Z
14,Bernadette,Hayes,rmcclure@hills.com,llemke@bode.com,1-534-814-2214,+1-331-442-8199,,,,,,,,,2024-04-29T19:49:20.000000Z,2024-04-29T19:49:20.000000Z
15,Aleen,Kris,loyal64@gmail.com,clifton.padberg@moore.com,+1.240.965.0040,"(323) 869-2175",,,,,,,,,2024-04-29T19:49:20.000000Z,2024-04-29T19:49:20.000000Z
16,Gerard,Yundt,norris13@krajcik.com,orrin.west@schroeder.info,732-588-5593,"+1 (223) 460-4952",,,,,,,,,2024-04-29T19:49:20.000000Z,2024-04-29T19:49:20.000000Z
17,Keara,Waelchi,wilbert69@hotmail.com,alta89@mohr.org,"(269) 746-0196",662-473-8294,,,,,,,,,2024-04-29T19:49:20.000000Z,2024-04-29T19:49:20.000000Z
18,Connor,Torp,rutherford.mario@miller.net,sanford.alena@quitzon.net,+1-361-523-0576,+1.478.404.0844,,,,,,,,,2024-04-29T19:49:20.000000Z,2024-04-29T19:49:20.000000Z
19,Krystel,Steuber,schimmel.roberta@yahoo.com,cassandra.watsica@hotmail.com,+1.864.919.5083,971.284.1643,,,,,,,,,2024-04-29T19:49:20.000000Z,2024-04-29T19:49:20.000000Z
20,Alisa,Pagac,bernie.predovic@yahoo.com,lebsack.celestine@hotmail.com,1-651-446-4924,1-432-910-2550,,,,,,,,,2024-04-29T19:49:20.000000Z,2024-04-29T19:49:20.000000Z
21,Vella,King,adela73@gmail.com,hauck.natasha@gmail.com,701-382-1582,725.270.7509,,,,,,,,,2024-04-29T19:49:20.000000Z,2024-04-29T19:49:20.000000Z
22,Marjory,Simonis,pouros.lourdes@balistreri.com,hand.zoila@doyle.biz,201-719-9502,+1.651.221.2820,,,,,,,,,2024-04-29T19:49:20.000000Z,2024-04-29T19:49:20.000000Z
23,Forest,Okuneva,maya66@rodriguez.net,giovanny41@gmail.com,+1.209.336.2135,512.925.1407,,,,,,,,,2024-04-29T19:49:20.000000Z,2024-04-29T19:49:20.000000Z
24,Omari,Morissette,haven.connelly@hirthe.info,marcelle.anderson@yahoo.com,+1-707-413-4813,283-599-7376,,,,,,,,,2024-04-29T19:49:20.000000Z,2024-04-29T19:49:20.000000Z
25,Deron,Rempel,jolie.beier@hotmail.com,gerlach.vance@yahoo.com,+1-779-394-4726,+1.351.898.0211,XfinitySoft,,,,,,,,2024-04-29T19:49:20.000000Z,2024-04-29T19:49:20.000000Z
26,Charley,Hackett,hilton38@altenwerth.com,jswift@abshire.com,+17818567006,563-530-8809,,,,,,,,,2024-04-29T19:49:21.000000Z,2024-04-29T19:49:21.000000Z
27,Esmeralda,Champlin,bernier.cheyenne@yahoo.com,ezequiel.hayes@mosciski.net,"(651) 519-1971",+1.781.229.0330,,,,,,,,,2024-04-29T19:49:21.000000Z,2024-04-29T19:49:21.000000Z
28,Brook,Hammes,audie.johns@yahoo.com,derick02@hotmail.com,"+1 (424) 985-1217",559-251-2986,,,,,,,,,2024-04-29T19:49:21.000000Z,2024-04-29T19:49:21.000000Z
29,Dallin,Christiansen,amanda83@hotmail.com,cweimann@yahoo.com,+18184051968,1-928-466-6252,,,,,,,,,2024-04-29T19:49:21.000000Z,2024-04-29T19:49:21.000000Z
30,Ova,Schmidt,blanda.alice@yahoo.com,percival53@hotmail.com,+1-346-564-7024,1-470-989-8012,,,,,,,,,2024-04-29T19:49:21.000000Z,2024-04-29T19:49:21.000000Z
31,Mellie,Okuneva,freilly@gmail.com,rrunolfsdottir@zemlak.biz,+1.610.988.1333,"+1 (586) 319-3093",,,,,,,,,2024-04-29T19:49:21.000000Z,2024-04-29T19:49:21.000000Z
32,Arianna,Smith,franco41@cartwright.com,nona.fahey@yahoo.com,+1-669-999-0229,+1.765.500.6418,,,,,,,,,2024-04-29T19:49:21.000000Z,2024-04-29T19:49:21.000000Z
33,Chelsey,Gerlach,christiana.flatley@gmail.com,mills.jannie@hotmail.com,"(916) 765-2237","+1 (540) 963-7246",,,,,,,,,2024-04-29T19:49:21.000000Z,2024-04-29T19:49:21.000000Z
34,Lacy,Bergnaum,linnea.schoen@gmail.com,sporer.london@nienow.com,626.863.4361,+12527888903,,,,,,,,,2024-04-29T19:49:21.000000Z,2024-04-29T19:49:21.000000Z
35,Davonte,Bins,brenna.mohr@gmail.com,janelle01@gulgowski.com,+14257151113,+14705775089,,,,,,,,,2024-04-29T19:49:21.000000Z,2024-04-29T19:49:21.000000Z
36,Margaretta,Dickens,heidi84@gmail.com,ihill@torphy.info,940-547-9397,+1-781-468-3357,XfinitySoft,,,,,,,,2024-04-29T19:49:21.000000Z,2024-04-29T19:49:21.000000Z
37,Freddie,Heller,jayde17@altenwerth.com,myrtie83@langworth.org,1-858-976-8831,+1.564.691.7017,,,,,,,,,2024-04-29T19:49:21.000000Z,2024-04-29T19:49:21.000000Z
38,Vesta,Balistreri,kassulke.bernadette@yahoo.com,ethan47@yahoo.com,+1-341-782-9301,"(870) 719-1633",,,,,,,,,2024-04-29T19:49:21.000000Z,2024-04-29T19:49:21.000000Z
39,Jack,Murazik,sofia80@hotmail.com,miracle98@sauer.com,"+1 (541) 246-3846",+13806845611,,,,,,,,,2024-04-29T19:49:21.000000Z,2024-04-29T19:49:21.000000Z
40,Daisy,Mitchell,alfonso24@huel.com,kim30@yahoo.com,906-742-8353,+1.616.771.1206,,,,,,,,,2024-04-29T19:49:21.000000Z,2024-04-29T19:49:21.000000Z
41,Maya,Carroll,quinn.kuhn@gmail.com,cschmidt@schimmel.org,+1-281-839-1866,"(336) 713-1607",XfinitySoft,,,,,,,,2024-04-29T19:49:21.000000Z,2024-04-29T19:49:21.000000Z
42,Kaylah,Reilly,chadrick.hegmann@yahoo.com,hermiston.everette@dibbert.net,315-865-0078,"+1 (802) 975-5037",,,,,,,,,2024-04-29T19:49:21.000000Z,2024-04-29T19:49:21.000000Z
43,Charlie,Graham,peter82@von.org,tmills@sanford.info,+1.830.803.0579,"+1 (620) 395-2911",,,,,,,,,2024-04-29T19:49:21.000000Z,2024-04-29T19:49:21.000000Z
44,Oma,Runolfsdottir,melvina.fay@denesik.net,annabelle18@wunsch.com,352.564.5100,682-951-9118,,,,,,,,,2024-04-29T19:49:21.000000Z,2024-04-29T19:49:21.000000Z
45,Tania,Block,kacie81@ruecker.com,clara83@yahoo.com,862-562-8984,+1-351-559-3454,XfinitySoft,,,,,,,,2024-04-29T19:49:21.000000Z,2024-04-29T19:49:21.000000Z
46,Lavern,Hamill,olson.rollin@hotmail.com,damon98@yahoo.com,"+1 (650) 770-5888",+1.856.932.8931,,,,,,,,,2024-04-29T19:49:21.000000Z,2024-04-29T19:49:21.000000Z
47,Kim,Kovacek,porter.pfeffer@yahoo.com,zgottlieb@hotmail.com,+1.657.921.0994,641-404-9432,,,,,,,,,2024-04-29T19:49:21.000000Z,2024-04-29T19:49:21.000000Z
48,Lauretta,Shanahan,beahan.anastasia@swift.net,ofelia15@rau.com,480.428.3171,"(503) 544-3916",,,,,,,,,2024-04-29T19:49:21.000000Z,2024-04-29T19:49:21.000000Z
49,Greyson,Goldner,mitchel.sipes@pfannerstill.biz,xwilliamson@hotmail.com,"+1 (628) 795-8304",1-540-201-5785,,,,,,,,,2024-04-29T19:49:21.000000Z,2024-04-29T19:49:21.000000Z
50,Silas,Swaniawski,graham.ryan@littel.biz,schumm.consuelo@yahoo.com,"(507) 690-9026",+1.425.400.1060,XfinitySoft,,,,,,,,2024-04-29T19:49:21.000000Z,2024-04-29T19:49:21.000000Z
51,Vaughn,Wyman,vernice.kulas@hotmail.com,dbarrows@hotmail.com,"(714) 651-6337",1-734-234-9729,,,,,,,,,2024-04-29T19:49:21.000000Z,2024-04-29T19:49:21.000000Z
52,Deshawn,Swaniawski,gaylord46@nikolaus.net,amaya.mayer@gmail.com,+16308592459,1-458-298-5619,XfinitySoft,,,,,,,,2024-04-29T19:49:21.000000Z,2024-04-29T19:49:21.000000Z
53,Walker,Leffler,stracke.christelle@hotmail.com,layla.lubowitz@raynor.com,1-405-849-1498,316-803-3708,,,,,,,,,2024-04-29T19:49:21.000000Z,2024-04-29T19:49:21.000000Z
54,Heloise,Kreiger,terry.perry@nitzsche.net,frath@dickens.biz,+18127970160,1-941-819-5756,,,,,,,,,2024-04-29T19:49:21.000000Z,2024-04-29T19:49:21.000000Z
55,Miracle,Daugherty,hayden.wilderman@gmail.com,kemmer.rico@wyman.org,"+1 (678) 322-1752",364-259-0485,XfinitySoft,,,,,,,,2024-04-29T19:49:21.000000Z,2024-04-29T19:49:21.000000Z
56,Walter,Hintz,elwyn26@hand.biz,brad.hudson@hotmail.com,1-678-872-1617,1-209-909-0783,,,,,,,,,2024-04-29T19:49:21.000000Z,2024-04-29T19:49:21.000000Z
57,Reinhold,Frami,oreilly.coby@gulgowski.biz,phoebe.murphy@gmail.com,+1-947-730-3180,"(701) 302-9574",XfinitySoft,,,,,,,,2024-04-29T19:49:21.000000Z,2024-04-29T19:49:21.000000Z
58,Rosemary,Harris,ewald89@gmail.com,krajcik.elissa@hotmail.com,+1-941-423-9061,+1-719-760-1883,,,,,,,,,2024-04-29T19:49:21.000000Z,2024-04-29T19:49:21.000000Z
59,Braxton,Kub,cole.kub@yahoo.com,schuppe.vicky@kihn.biz,"(870) 274-3902","(912) 379-7981",,,,,,,,,2024-04-29T19:49:21.000000Z,2024-04-29T19:49:21.000000Z
60,Jaycee,Rice,gutmann.royal@yahoo.com,romaine.cummings@hotmail.com,651-512-9339,1-870-412-6302,,,,,,,,,2024-04-29T19:49:21.000000Z,2024-04-29T19:49:21.000000Z
61,Ulises,Kozey,rhea.raynor@yahoo.com,njerde@gmail.com,1-346-544-5192,"+1 (352) 923-3053",XfinitySoft,,,,,,,,2024-04-29T19:49:21.000000Z,2024-04-29T19:49:21.000000Z
62,Velma,Kling,maggio.colin@hotmail.com,fstokes@reichel.com,"(303) 588-7943",+19592077000,,,,,,,,,2024-04-29T19:49:21.000000Z,2024-04-29T19:49:21.000000Z
63,Sydnee,Paucek,torphy.nikita@yahoo.com,breanna.pollich@gmail.com,"(937) 295-6110","+1 (520) 524-3147",,,,,,,,,2024-04-29T19:49:21.000000Z,2024-04-29T19:49:21.000000Z
64,Bernadine,Hammes,hermann.brisa@gmail.com,roscoe.fay@hotmail.com,"+1 (319) 207-8036","(334) 338-4236",,,,,,,,,2024-04-29T19:49:21.000000Z,2024-04-29T19:49:21.000000Z
65,Ransom,Hauck,cummings.elsa@murazik.com,cormier.dulce@macejkovic.com,719.626.2773,+16579599928,,,,,,,,,2024-04-29T19:49:21.000000Z,2024-04-29T19:49:21.000000Z
66,Jocelyn,Stokes,kacie.yost@gmail.com,iva10@yahoo.com,806.517.2742,+1-737-379-3131,,,,,,,,,2024-04-29T19:49:21.000000Z,2024-04-29T19:49:21.000000Z
67,Kenya,O'Kon,nborer@hotmail.com,lavern38@hotmail.com,+12515744226,+19199491009,,,,,,,,,2024-04-29T19:49:21.000000Z,2024-04-29T19:49:21.000000Z
68,Bryce,Gulgowski,hgrady@russel.org,bobby.turcotte@yahoo.com,+19073905028,727-269-3599,XfinitySoft,,,,,,,,2024-04-29T19:49:21.000000Z,2024-04-29T19:49:21.000000Z
69,Jackson,Jaskolski,christine69@yahoo.com,celestine.tromp@hotmail.com,541.834.6904,"+1 (616) 761-7696",,,,,,,,,2024-04-29T19:49:21.000000Z,2024-04-29T19:49:21.000000Z
70,Lonzo,Halvorson,senger.elisabeth@oberbrunner.com,alice89@gmail.com,+1-571-723-3434,+12145794544,XfinitySoft,,,,,,,,2024-04-29T19:49:21.000000Z,2024-04-29T19:49:21.000000Z
71,Norene,Moen,farrell.kim@ebert.com,collier.glen@gmail.com,346-971-7992,563-535-4423,,,,,,,,,2024-04-29T19:49:21.000000Z,2024-04-29T19:49:21.000000Z
72,Meredith,Hamill,kaylee.gutmann@gmail.com,bpfeffer@swaniawski.net,+1-678-284-1550,231.847.0377,,,,,,,,,2024-04-29T19:49:21.000000Z,2024-04-29T19:49:21.000000Z
73,Orlo,Bogisich,marks.dudley@frami.com,howell.abbigail@von.info,786.422.5390,+1.540.642.0014,,,,,,,,,2024-04-29T19:49:21.000000Z,2024-04-29T19:49:21.000000Z
74,Perry,Nolan,kstroman@baumbach.com,coby54@moore.net,1-248-699-8808,+13852010677,,,,,,,,,2024-04-29T19:49:21.000000Z,2024-04-29T19:49:21.000000Z
75,Tracey,Schmeler,rpredovic@klocko.com,chanel.feeney@conn.org,757.630.9533,"+1 (856) 703-1983",,,,,,,,,2024-04-29T19:49:21.000000Z,2024-04-29T19:49:21.000000Z
76,Keyon,Rau,hyatt.darrion@yahoo.com,liana.parisian@nikolaus.net,"(425) 601-1368",1-630-444-7623,,,,,,,,,2024-04-29T19:49:21.000000Z,2024-04-29T19:49:21.000000Z
77,Aimee,Thompson,jschmitt@mccullough.info,mlind@yahoo.com,424.250.6673,857.521.1494,,,,,,,,,2024-04-29T19:49:21.000000Z,2024-04-29T19:49:21.000000Z
78,Queen,Bahringer,carroll.brandi@balistreri.com,ibecker@yahoo.com,253.215.7463,929.845.8299,,,,,,,,,2024-04-29T19:49:21.000000Z,2024-04-29T19:49:21.000000Z
79,Jed,Skiles,kane.larkin@gmail.com,xsmitham@sauer.com,+13343200637,+1-856-538-8476,XfinitySoft,,,,,,,,2024-04-29T19:49:21.000000Z,2024-04-29T19:49:21.000000Z
80,Stephon,Goodwin,muller.danny@yahoo.com,mariano99@gaylord.com,1-351-221-2101,+12677342581,,,,,,,,,2024-04-29T19:49:21.000000Z,2024-04-29T19:49:21.000000Z
81,Clovis,Windler,xkeeling@daniel.org,lcollier@gmail.com,+1-541-608-7656,+13514232163,,,,,,,,,2024-04-29T19:49:21.000000Z,2024-04-29T19:49:21.000000Z
82,Schuyler,Witting,marvin.adrienne@bernier.com,jacey.murazik@welch.info,"(607) 760-8576","(640) 784-0327",,,,,,,,,2024-04-29T19:49:21.000000Z,2024-04-29T19:49:21.000000Z
83,Ronny,Haag,abbott.janice@gmail.com,gloria63@langosh.info,1-203-905-4126,"(312) 505-6524",,,,,,,,,2024-04-29T19:49:21.000000Z,2024-04-29T19:49:21.000000Z
84,Talon,Gleason,imarks@cartwright.info,irohan@stamm.com,"+1 (386) 263-0348","(662) 349-9240",,,,,,,,,2024-04-29T19:49:21.000000Z,2024-04-29T19:49:21.000000Z
85,Rebeca,Bechtelar,dokeefe@gmail.com,herman.ashlynn@yahoo.com,+1-667-445-7257,828-628-5394,,,,,,,,,2024-04-29T19:49:21.000000Z,2024-04-29T19:49:21.000000Z
86,Cielo,Kuhic,mante.easter@yahoo.com,elva.sporer@roberts.com,+1-779-298-5035,"+1 (520) 950-4281",,,,,,,,,2024-04-29T19:49:21.000000Z,2024-04-29T19:49:21.000000Z
87,Meta,Reichert,meghan.skiles@rath.com,zhammes@cole.com,"(803) 263-2961",+1-661-456-7472,,,,,,,,,2024-04-29T19:49:21.000000Z,2024-04-29T19:49:21.000000Z
88,Karlie,Bernier,luettgen.felipe@tromp.com,xwalker@smitham.com,"(315) 879-9870",+1-838-443-3660,,,,,,,,,2024-04-29T19:49:21.000000Z,2024-04-29T19:49:21.000000Z
89,Myriam,Gulgowski,uhaag@yahoo.com,rylan.rolfson@yahoo.com,"(571) 459-1799","(979) 773-9020",,,,,,,,,2024-04-29T19:49:21.000000Z,2024-04-29T19:49:21.000000Z
90,Brannon,Wolff,dubuque.casey@dickinson.org,nmante@gmail.com,"(901) 893-7577",1-478-487-9919,,,,,,,,,2024-04-29T19:49:21.000000Z,2024-04-29T19:49:21.000000Z
91,Connor,Orn,ckiehn@franecki.info,kerluke.gerhard@yahoo.com,1-510-250-3290,409.337.2634,,,,,,,,,2024-04-29T19:49:21.000000Z,2024-04-29T19:49:21.000000Z
92,Edwardo,Schneider,zturner@jacobs.com,nienow.mose@rolfson.com,458-263-9636,785-599-4492,,,,,,,,,2024-04-29T19:49:21.000000Z,2024-04-29T19:49:21.000000Z
93,Fritz,Fadel,mireille.pfannerstill@yahoo.com,graham.ofelia@gmail.com,914-596-2483,708.712.1928,XfinitySoft,,,,,,,,2024-04-29T19:49:21.000000Z,2024-04-29T19:49:21.000000Z
94,Adelle,Wolf,simonis.maggie@gmail.com,kenny67@powlowski.com,+15619561855,934-652-8895,,,,,,,,,2024-04-29T19:49:21.000000Z,2024-04-29T19:49:21.000000Z
95,Tommie,Fahey,nolan.paula@yahoo.com,walker.bertram@hotmail.com,+1.458.200.3347,857.325.1434,,,,,,,,,2024-04-29T19:49:21.000000Z,2024-04-29T19:49:21.000000Z
96,Jakayla,Blick,verna38@luettgen.com,marguerite.hudson@schuster.com,+1.989.807.4566,1-520-702-8429,,,,,,,,,2024-04-29T19:49:21.000000Z,2024-04-29T19:49:21.000000Z
97,Darrick,Rowe,towne.macie@yahoo.com,malinda.kuhlman@yahoo.com,1-423-573-5238,+1-936-314-5946,,,,,,,,,2024-04-29T19:49:21.000000Z,2024-04-29T19:49:21.000000Z
98,Toni,Kautzer,vada83@gmail.com,dschroeder@kassulke.com,863.879.1436,+19845516937,,,,,,,,,2024-04-29T19:49:21.000000Z,2024-04-29T19:49:21.000000Z
99,Mckayla,Ledner,pbuckridge@will.info,wintheiser.leanne@ryan.com,743.533.6969,+1-541-603-2843,,,,,,,,,2024-04-29T19:49:21.000000Z,2024-04-29T19:49:21.000000Z
100,Rae,Abshire,nkling@gmail.com,susie.yost@ondricka.org,520.742.4599,+1-530-757-5174,,,,,,,,,2024-04-29T19:49:21.000000Z,2024-04-29T19:49:21.000000Z
